dataset,model,id,l1,psnr,ssim
test26,M4-best,108_2025_1570,0.07288936525583267,18.225496292114258,0.589330792427063
test26,M4-best,108_3635_1621,0.0466267429292202,22.67638397216797,0.6686633825302124
test26,M4-best,111_2924_1604,0.07655620574951172,19.816856384277344,0.7821034789085388
test26,M4-best,111_830_1325,0.05248915031552315,23.170791625976562,0.8211261630058289
test26,M4-best,141_3946_2327,0.06945981830358505,20.09986686706543,0.7772341370582581
test26,M4-best,153_3556_2410,0.011630729772150517,36.234622955322266,0.9819476008415222
test26,M4-best,17_2048_1554,0.026739398017525673,27.45062828063965,0.8882123231887817
test26,M4-best,197_2230_1448,0.04386095330119133,25.615280151367188,0.814408540725708
test26,M4-best,201_2159_2184,0.016063304618000984,33.276611328125,0.9101202487945557
test26,M4-best,21_2140_824,0.023267095908522606,29.775699615478516,0.9203112721443176
test26,M4-best,244_1850_759,0.11207079887390137,18.466821670532227,0.6117810606956482
test26,M4-best,244_1924_1298,0.2999649941921234,8.821643829345703,0.3615058362483978
test26,M4-best,244_1981_1799,0.20502564311027527,11.554474830627441,0.3528769016265869
test26,M4-best,244_2576_1372,0.030301880091428757,28.918563842773438,0.8141565322875977
test26,M4-best,247_1402_584,0.021307427436113358,31.7830867767334,0.8607191443443298
test26,M4-best,247_1447_1313,0.020264416933059692,31.669658660888672,0.9105061888694763
test26,M4-best,256_1008_906,0.026950186118483543,29.340377807617188,0.8863572478294373
test26,M4-best,35_1281_1678,0.04621235281229019,21.68817710876465,0.9107871651649475
test26,M4-best,35_3101_1109,0.026569712907075882,27.199970245361328,0.924821138381958
test26,M4-best,43_3705_2170,0.07255833595991135,18.751934051513672,0.6716248989105225
test26,M4-best,55_1672_1162,0.030550340190529823,26.290939331054688,0.8811630010604858
test26,M4-best,55_3130_569,0.022488046437501907,27.69039535522461,0.8684326410293579
test26,M4-best,73_1862_1921,0.047565385699272156,24.624794006347656,0.9244598150253296
test26,M4-best,73_1904_1067,0.058060843497514725,20.894908905029297,0.9112472534179688
test26,M4-best,77_1933_1814,0.0699402466416359,20.29945182800293,0.8308203816413879
test26,M4-best,94_1826_1832,0.04176601767539978,25.785888671875,0.9163708686828613
test26,SMA50-best,108_2025_1570,0.07290248572826385,18.215391159057617,0.5905308127403259
test26,SMA50-best,108_3635_1621,0.045603539794683456,22.704845428466797,0.6685267686843872
test26,SMA50-best,111_2924_1604,0.07652883231639862,19.800094604492188,0.7818588018417358
test26,SMA50-best,111_830_1325,0.05189573019742966,23.227664947509766,0.8212413191795349
test26,SMA50-best,141_3946_2327,0.07139892131090164,19.98917007446289,0.7813407182693481
test26,SMA50-best,153_3556_2410,0.010328774340450764,36.886993408203125,0.9817091226577759
test26,SMA50-best,17_2048_1554,0.027020063251256943,27.336944580078125,0.8885817527770996
test26,SMA50-best,197_2230_1448,0.04546254873275757,25.35788345336914,0.8054335713386536
test26,SMA50-best,201_2159_2184,0.015434516593813896,33.34827423095703,0.912411093711853
test26,SMA50-best,21_2140_824,0.02223985083401203,30.398361206054688,0.9306020140647888
test26,SMA50-best,244_1850_759,0.11321084201335907,18.405237197875977,0.612280011177063
test26,SMA50-best,244_1924_1298,0.3030565679073334,8.731717109680176,0.36305201053619385
test26,SMA50-best,244_1981_1799,0.22133868932724,11.197834014892578,0.32812079787254333
test26,SMA50-best,244_2576_1372,0.03215207904577255,28.41861915588379,0.8072129487991333
test26,SMA50-best,247_1402_584,0.023831432685256004,30.771221160888672,0.8515041470527649
test26,SMA50-best,247_1447_1313,0.02006378211081028,31.685914993286133,0.911032497882843
test26,SMA50-best,256_1008_906,0.02432616613805294,30.29466438293457,0.8890463709831238
test26,SMA50-best,35_1281_1678,0.043953992426395416,21.984987258911133,0.9134983420372009
test26,SMA50-best,35_3101_1109,0.027324864640831947,27.24163818359375,0.9257277250289917
test26,SMA50-best,43_3705_2170,0.07261095196008682,18.659109115600586,0.6718823313713074
test26,SMA50-best,55_1672_1162,0.02976418472826481,26.544334411621094,0.8855333924293518
test26,SMA50-best,55_3130_569,0.021618859842419624,27.900371551513672,0.8680320382118225
test26,SMA50-best,73_1862_1921,0.04711659252643585,24.656612396240234,0.9249602556228638
test26,SMA50-best,73_1904_1067,0.05382205545902252,21.43214988708496,0.9155520796775818
test26,SMA50-best,77_1933_1814,0.06852123886346817,20.31777572631836,0.8311156034469604
test26,SMA50-best,94_1826_1832,0.04584657400846481,25.067731857299805,0.9164955019950867
test26,B4-best,108_2025_1570,0.07254253327846527,18.236743927001953,0.5909633636474609
test26,B4-best,108_3635_1621,0.04637850075960159,22.694246292114258,0.6696987152099609
test26,B4-best,111_2924_1604,0.07851457595825195,19.715496063232422,0.7813012599945068
test26,B4-best,111_830_1325,0.051842328161001205,23.21072006225586,0.8202025294303894
test26,B4-best,141_3946_2327,0.07237936556339264,19.867027282714844,0.7747678756713867
test26,B4-best,153_3556_2410,0.010772857815027237,36.6573486328125,0.9818470478057861
test26,B4-best,17_2048_1554,0.026912759989500046,27.288570404052734,0.8885745406150818
test26,B4-best,197_2230_1448,0.04464031383395195,25.464275360107422,0.8061341047286987
test26,B4-best,201_2159_2184,0.01453251764178276,34.012935638427734,0.9165951013565063
test26,B4-best,21_2140_824,0.022921541705727577,30.005300521850586,0.9234951138496399
test26,B4-best,244_1850_759,0.11085732281208038,18.582826614379883,0.6170538067817688
test26,B4-best,244_1924_1298,0.3017923831939697,8.7654447555542,0.3614349365234375
test26,B4-best,244_1981_1799,0.21160009503364563,11.352066993713379,0.34583497047424316
test26,B4-best,244_2576_1372,0.03139759972691536,28.64638900756836,0.8120250105857849
test26,B4-best,247_1402_584,0.023560794070363045,30.893375396728516,0.8519319295883179
test26,B4-best,247_1447_1313,0.01940612681210041,31.924474716186523,0.912213921546936
test26,B4-best,256_1008_906,0.024553371593356133,30.16019058227539,0.8884381651878357
test26,B4-best,35_1281_1678,0.044949837028980255,21.883819580078125,0.9124292731285095
test26,B4-best,35_3101_1109,0.028697796165943146,27.005374908447266,0.9247365593910217
test26,B4-best,43_3705_2170,0.07238928973674774,18.669971466064453,0.6727837920188904
test26,B4-best,55_1672_1162,0.03013033978641033,26.411935806274414,0.8830691576004028
test26,B4-best,55_3130_569,0.02193830907344818,27.870731353759766,0.8693640232086182
test26,B4-best,73_1862_1921,0.04888124763965607,24.347023010253906,0.9241584539413452
test26,B4-best,73_1904_1067,0.05705895647406578,20.946304321289062,0.9113228917121887
test26,B4-best,77_1933_1814,0.07075145095586777,20.209095001220703,0.8292372226715088
test26,B4-best,94_1826_1832,0.04097843915224075,25.91230583190918,0.9165298342704773
test26,B4-latest,108_2025_1570,0.07323389500379562,18.211666107177734,0.5914139747619629
test26,B4-latest,108_3635_1621,0.045950450003147125,22.72926139831543,0.6694598197937012
test26,B4-latest,111_2924_1604,0.07867436110973358,19.720252990722656,0.7811527252197266
test26,B4-latest,111_830_1325,0.05101822689175606,23.308095932006836,0.8204908967018127
test26,B4-latest,141_3946_2327,0.0762559100985527,19.530773162841797,0.7654989957809448
test26,B4-latest,153_3556_2410,0.010333960875868797,36.89773941040039,0.981707751750946
test26,B4-latest,17_2048_1554,0.027208779007196426,27.11395263671875,0.8885985016822815
test26,B4-latest,197_2230_1448,0.04475590959191322,25.42681884765625,0.8043871521949768
test26,B4-latest,201_2159_2184,0.01426620315760374,33.94303512573242,0.9171851277351379
test26,B4-latest,21_2140_824,0.02193131111562252,30.41042709350586,0.9291225075721741
test26,B4-latest,244_1850_759,0.11136945337057114,18.558069229125977,0.6171601414680481
test26,B4-latest,244_1924_1298,0.30372685194015503,8.730135917663574,0.3629881739616394
test26,B4-latest,244_1981_1799,0.21485823392868042,11.279644012451172,0.3399543762207031
test26,B4-latest,244_2576_1372,0.03298697993159294,28.225290298461914,0.8061714172363281
test26,B4-latest,247_1402_584,0.02564077079296112,30.167064666748047,0.8430588245391846
test26,B4-latest,247_1447_1313,0.019346510991454124,31.939075469970703,0.9125949740409851
test26,B4-latest,256_1008_906,0.02417735941708088,30.372350692749023,0.8888198733329773
test26,B4-latest,35_1281_1678,0.04381612688302994,22.011213302612305,0.9137774705886841
test26,B4-latest,35_3101_1109,0.030354373157024384,26.71830940246582,0.9241674542427063
test26,B4-latest,43_3705_2170,0.07264551520347595,18.688343048095703,0.6703267693519592
test26,B4-latest,55_1672_1162,0.030369391664862633,26.348865509033203,0.8820925354957581
test26,B4-latest,55_3130_569,0.021394608542323112,28.005516052246094,0.8692718744277954
test26,B4-latest,73_1862_1921,0.04860782250761986,24.369050979614258,0.9241765737533569
test26,B4-latest,73_1904_1067,0.05704530328512192,20.910003662109375,0.9084620475769043
test26,B4-latest,77_1933_1814,0.07072536647319794,20.11085319519043,0.8291000127792358
test26,B4-latest,94_1826_1832,0.042094528675079346,25.674991607666016,0.9164089560508728
real20,M4-best,3,0.04058672860264778,25.138399124145508,0.7917373776435852
real20,M4-best,4,0.04816332831978798,24.10465431213379,0.7738656997680664
real20,M4-best,9,0.038962963968515396,25.12470245361328,0.8860605955123901
real20,M4-best,12,0.047557659447193146,24.128650665283203,0.8655418157577515
real20,M4-best,15,0.06217499077320099,20.65686798095703,0.811625599861145
real20,M4-best,22,0.030182277783751488,26.846303939819336,0.8539307117462158
real20,M4-best,23,0.04239463433623314,24.967796325683594,0.8068013787269592
real20,M4-best,25,0.04059867188334465,24.326351165771484,0.7680213451385498
real20,M4-best,29,0.036585405468940735,24.16904067993164,0.7059590816497803
real20,M4-best,39,0.028822297230362892,27.717342376708984,0.79501873254776
real20,M4-best,46,0.025984279811382294,28.92214012145996,0.8194166421890259
real20,M4-best,47,0.03784811869263649,26.011465072631836,0.8635781407356262
real20,M4-best,58,0.014235815033316612,34.65980911254883,0.8878135681152344
real20,M4-best,86,0.04734097048640251,23.78566551208496,0.8235216736793518
real20,M4-best,87,0.04261224716901779,23.874662399291992,0.8238706588745117
real20,M4-best,89,0.025002863258123398,28.708459854125977,0.9117778539657593
real20,M4-best,93,0.028470056131482124,28.845556259155273,0.8732767105102539
real20,M4-best,103,0.0359516404569149,26.124820709228516,0.8879992365837097
real20,M4-best,107,0.07927718758583069,20.257570266723633,0.8272834420204163
real20,M4-best,110,0.0625590831041336,21.766529083251953,0.6127336621284485
real20,SMA50-best,3,0.03984784334897995,25.306983947753906,0.7933898568153381
real20,SMA50-best,4,0.04838842898607254,24.06965446472168,0.7744026780128479
real20,SMA50-best,9,0.040712013840675354,24.737092971801758,0.883933961391449
real20,SMA50-best,12,0.046765610575675964,24.23012924194336,0.8655082583427429
real20,SMA50-best,15,0.06046188622713089,20.753368377685547,0.8087658286094666
real20,SMA50-best,22,0.031593866646289825,26.61128044128418,0.846528947353363
real20,SMA50-best,23,0.04399809241294861,24.794923782348633,0.8036949038505554
real20,SMA50-best,25,0.040907517075538635,24.286964416503906,0.7678733468055725
real20,SMA50-best,29,0.03628716990351677,24.185569763183594,0.7073389887809753
real20,SMA50-best,39,0.030508622527122498,27.499216079711914,0.7911617159843445
real20,SMA50-best,46,0.02803996205329895,28.591781616210938,0.8156349658966064
real20,SMA50-best,47,0.0397968515753746,25.5698184967041,0.8625187277793884
real20,SMA50-best,58,0.014415549114346504,34.57018280029297,0.8872092962265015
real20,SMA50-best,86,0.04945879057049751,23.449661254882812,0.821726381778717
real20,SMA50-best,87,0.044440317898988724,23.288536071777344,0.8201701641082764
real20,SMA50-best,89,0.02473311685025692,28.776412963867188,0.9120500683784485
real20,SMA50-best,93,0.028487127274274826,28.849021911621094,0.873920202255249
real20,SMA50-best,103,0.036041952669620514,26.10990333557129,0.8879004716873169
real20,SMA50-best,107,0.07864262163639069,20.350187301635742,0.8289090394973755
real20,SMA50-best,110,0.06289953738451004,21.689464569091797,0.6122348308563232
real20,B4-best,3,0.040773097425699234,25.116899490356445,0.7915672659873962
real20,B4-best,4,0.04915059730410576,23.96221351623535,0.7727053761482239
real20,B4-best,9,0.045223504304885864,23.802289962768555,0.8777447938919067
real20,B4-best,12,0.0470106303691864,24.17060089111328,0.8652957081794739
real20,B4-best,15,0.06101609393954277,20.691024780273438,0.8090872168540955
real20,B4-best,22,0.03150555491447449,26.629676818847656,0.8484609723091125
real20,B4-best,23,0.04566376656293869,24.602365493774414,0.7996468544006348
real20,B4-best,25,0.041609760373830795,24.22119140625,0.7670121788978577
real20,B4-best,29,0.0364769883453846,24.167545318603516,0.7058748006820679
real20,B4-best,39,0.03069158084690571,27.468162536621094,0.7897666096687317
real20,B4-best,46,0.027206789702177048,28.84988021850586,0.8176383376121521
real20,B4-best,47,0.0395786389708519,25.62646484375,0.8626127243041992
real20,B4-best,58,0.014742025174200535,34.413265228271484,0.8842412233352661
real20,B4-best,86,0.049961917102336884,23.43968391418457,0.820738673210144
real20,B4-best,87,0.043831612914800644,23.508182525634766,0.821138858795166
real20,B4-best,89,0.02533186785876751,28.57107162475586,0.9118243455886841
real20,B4-best,93,0.029146263375878334,28.66746711730957,0.8724854588508606
real20,B4-best,103,0.03589705377817154,26.079721450805664,0.8881427049636841
real20,B4-best,107,0.08086128532886505,20.153247833251953,0.8263190984725952
real20,B4-best,110,0.0645948275923729,21.55455780029297,0.6043748259544373
real20,B4-latest,3,0.040931206196546555,25.108963012695312,0.7919307947158813
real20,B4-latest,4,0.050425171852111816,23.773273468017578,0.7716867923736572
real20,B4-latest,9,0.04606834053993225,23.69487762451172,0.8766103982925415
real20,B4-latest,12,0.04599842429161072,24.263038635253906,0.8641235828399658
real20,B4-latest,15,0.06023475155234337,20.695579528808594,0.806408703327179
real20,B4-latest,22,0.03369246423244476,26.227718353271484,0.8409963250160217
real20,B4-latest,23,0.04772701486945152,24.348018646240234,0.795974850654602
real20,B4-latest,25,0.04223119467496872,24.128494262695312,0.7657780647277832
real20,B4-latest,29,0.03629860281944275,24.175891876220703,0.7067850232124329
real20,B4-latest,39,0.031283508986234665,27.377946853637695,0.7887395620346069
real20,B4-latest,46,0.02843727171421051,28.617765426635742,0.814744234085083
real20,B4-latest,47,0.04183216020464897,25.171899795532227,0.8613362908363342
real20,B4-latest,58,0.01509934663772583,34.227256774902344,0.8817799091339111
real20,B4-latest,86,0.05206321179866791,23.122472763061523,0.8187131881713867
real20,B4-latest,87,0.04471082240343094,23.299549102783203,0.8182308673858643
real20,B4-latest,89,0.025937125086784363,28.35037612915039,0.9115461707115173
real20,B4-latest,93,0.029739826917648315,28.498647689819336,0.871583104133606
real20,B4-latest,103,0.036007657647132874,26.024444580078125,0.8881574273109436
real20,B4-latest,107,0.08237352222204208,20.02791404724121,0.8249215483665466
real20,B4-latest,110,0.06512880325317383,21.47711753845215,0.6033086180686951
test26,C1-best,108_2025_1570,0.07252532988786697,18.240488052368164,0.5914095640182495
test26,C1-best,108_3635_1621,0.04655633866786957,22.677061080932617,0.6698883771896362
test26,C1-best,111_2924_1604,0.07834623008966446,19.746475219726562,0.7816861271858215
test26,C1-best,111_830_1325,0.05240476876497269,23.141990661621094,0.8195763826370239
test26,C1-best,141_3946_2327,0.07520315051078796,19.248783111572266,0.7568353414535522
test26,C1-best,153_3556_2410,0.010787880048155785,36.6479377746582,0.9818621277809143
test26,C1-best,17_2048_1554,0.026719368994235992,27.291179656982422,0.8889735341072083
test26,C1-best,197_2230_1448,0.044199928641319275,25.5473690032959,0.8062900900840759
test26,C1-best,201_2159_2184,0.015112105756998062,33.483985900878906,0.9133808016777039
test26,C1-best,21_2140_824,0.022663893178105354,30.129520416259766,0.926474392414093
test26,C1-best,244_1850_759,0.11274799704551697,18.442054748535156,0.6132012605667114
test26,C1-best,244_1924_1298,0.3027191460132599,8.747977256774902,0.3608514964580536
test26,C1-best,244_1981_1799,0.20659857988357544,11.484113693237305,0.35274767875671387
test26,C1-best,244_2576_1372,0.03265850618481636,28.34250259399414,0.8066783547401428
test26,C1-best,247_1402_584,0.02351805940270424,30.913101196289062,0.8511412143707275
test26,C1-best,247_1447_1313,0.01955697312951088,31.88176918029785,0.9109371304512024
test26,C1-best,256_1008_906,0.025585783645510674,29.826278686523438,0.8875452280044556
test26,C1-best,35_1281_1678,0.04521133005619049,21.843311309814453,0.9119449257850647
test26,C1-best,35_3101_1109,0.028940893709659576,26.963638305664062,0.9245818853378296
test26,C1-best,43_3705_2170,0.07241791486740112,18.634016036987305,0.6720327138900757
test26,C1-best,55_1672_1162,0.03058011271059513,26.270294189453125,0.8806175589561462
test26,C1-best,55_3130_569,0.022123318165540695,27.82680320739746,0.8686334490776062
test26,C1-best,73_1862_1921,0.04903550073504448,24.27375030517578,0.9233178496360779
test26,C1-best,73_1904_1067,0.05616150051355362,21.144695281982422,0.910725474357605
test26,C1-best,77_1933_1814,0.07116616517305374,20.154695510864258,0.8288481831550598
test26,C1-best,94_1826_1832,0.04000314697623253,26.10154914855957,0.9157633185386658
test26,C1-latest,108_2025_1570,0.07383828610181808,18.186315536499023,0.5914466381072998
test26,C1-latest,108_3635_1621,0.046963974833488464,22.653888702392578,0.669782817363739
test26,C1-latest,111_2924_1604,0.07936792075634003,19.657779693603516,0.7809996008872986
test26,C1-latest,111_830_1325,0.05017288401722908,23.39322853088379,0.8207982778549194
test26,C1-latest,141_3946_2327,0.07354093343019485,19.95859146118164,0.7651522755622864
test26,C1-latest,153_3556_2410,0.01026567630469799,36.925357818603516,0.981866717338562
test26,C1-latest,17_2048_1554,0.02782203070819378,26.84508514404297,0.8878577947616577
test26,C1-latest,197_2230_1448,0.04336174577474594,25.65598487854004,0.8069186806678772
test26,C1-latest,201_2159_2184,0.01500091515481472,33.738670349121094,0.9133445620536804
test26,C1-latest,21_2140_824,0.023390136659145355,29.996959686279297,0.9279003739356995
test26,C1-latest,244_1850_759,0.11363422125577927,18.409343719482422,0.6160923838615417
test26,C1-latest,244_1924_1298,0.3064006567001343,8.656743049621582,0.36041221022605896
test26,C1-latest,244_1981_1799,0.21599647402763367,11.256598472595215,0.3358443081378937
test26,C1-latest,244_2576_1372,0.03456085920333862,27.895755767822266,0.8027315139770508
test26,C1-latest,247_1402_584,0.026213329285383224,30.012985229492188,0.8440635800361633
test26,C1-latest,247_1447_1313,0.019814250990748405,31.649410247802734,0.9106945991516113
test26,C1-latest,256_1008_906,0.02419927529990673,30.389644622802734,0.887886106967926
test26,C1-latest,35_1281_1678,0.043739788234233856,21.993358612060547,0.9137030839920044
test26,C1-latest,35_3101_1109,0.03435545414686203,26.299283981323242,0.9221382737159729
test26,C1-latest,43_3705_2170,0.0725567564368248,18.537782669067383,0.6718661785125732
test26,C1-latest,55_1672_1162,0.030016520991921425,26.308887481689453,0.8808186054229736
test26,C1-latest,55_3130_569,0.02150660939514637,28.038623809814453,0.8696637153625488
test26,C1-latest,73_1862_1921,0.050988297909498215,24.02032470703125,0.9235455989837646
test26,C1-latest,73_1904_1067,0.059097371995449066,20.518756866455078,0.9074791669845581
test26,C1-latest,77_1933_1814,0.0743793472647667,19.88506317138672,0.8264933824539185
test26,C1-latest,94_1826_1832,0.03997347876429558,26.07715606689453,0.9163117408752441
real20,C1-best,3,0.04077713191509247,25.104219436645508,0.7916895151138306
real20,C1-best,4,0.049311183393001556,23.938011169433594,0.7725374698638916
real20,C1-best,9,0.044185277074575424,24.057071685791016,0.8796433210372925
real20,C1-best,12,0.046761684119701385,24.18499755859375,0.8651484847068787
real20,C1-best,15,0.061345987021923065,20.659870147705078,0.8071781396865845
real20,C1-best,22,0.03043290786445141,26.789148330688477,0.8559350371360779
real20,C1-best,23,0.04530312493443489,24.651880264282227,0.8011032342910767
real20,C1-best,25,0.041581545025110245,24.231061935424805,0.7673237323760986
real20,C1-best,29,0.036495838314294815,24.16674041748047,0.7057594060897827
real20,C1-best,39,0.030659867450594902,27.484081268310547,0.790381133556366
real20,C1-best,46,0.02686757594347,28.877832412719727,0.8178972601890564
real20,C1-best,47,0.03983590751886368,25.571537017822266,0.8626298904418945
real20,C1-best,58,0.014887915924191475,34.32054138183594,0.8829628229141235
real20,C1-best,86,0.05021187290549278,23.41583251953125,0.8203034400939941
real20,C1-best,87,0.044021472334861755,23.47339630126953,0.8197367191314697
real20,C1-best,89,0.02553330920636654,28.480201721191406,0.9116948843002319
real20,C1-best,93,0.029337100684642792,28.61321258544922,0.8722012042999268
real20,C1-best,103,0.03577987477183342,26.09126853942871,0.8883626461029053
real20,C1-best,107,0.08138234168291092,20.10516929626465,0.8256884217262268
real20,C1-best,110,0.06461258977651596,21.552019119262695,0.6053330302238464
real20,C1-latest,3,0.04188631847500801,24.888784408569336,0.790409505367279
real20,C1-latest,4,0.05128008872270584,23.65228271484375,0.7708237171173096
real20,C1-latest,9,0.046655017882585526,23.977319717407227,0.8772742748260498
real20,C1-latest,12,0.0454980805516243,24.249786376953125,0.8646503686904907
real20,C1-latest,15,0.05921550840139389,20.70962905883789,0.8089160323143005
real20,C1-latest,22,0.03306096792221069,26.316282272338867,0.8444656729698181
real20,C1-latest,23,0.04960690066218376,24.10045623779297,0.7928032279014587
real20,C1-latest,25,0.04239937290549278,24.151086807250977,0.766633152961731
real20,C1-latest,29,0.03638547286391258,24.138147354125977,0.7063257098197937
real20,C1-latest,39,0.031067514792084694,27.419109344482422,0.7905864119529724
real20,C1-latest,46,0.02730429731309414,28.918975830078125,0.818753182888031
real20,C1-latest,47,0.044391706585884094,24.793407440185547,0.8613858819007874
real20,C1-latest,58,0.01611168123781681,33.752532958984375,0.879316508769989
real20,C1-latest,86,0.05410156399011612,22.911359786987305,0.8164550065994263
real20,C1-latest,87,0.044221460819244385,23.418617248535156,0.8186936974525452
real20,C1-latest,89,0.027385275810956955,27.983985900878906,0.9112392067909241
real20,C1-latest,93,0.030607260763645172,28.2679443359375,0.8706105947494507
real20,C1-latest,103,0.03596843034029007,26.002599716186523,0.8890438079833984
real20,C1-latest,107,0.08558813482522964,19.74828338623047,0.8213043212890625
real20,C1-latest,110,0.06611519306898117,21.42764663696289,0.6002474427223206
