model,series,step,value
M2-B,validation_l1,0,0.04653285019513634
M2-B,validation_psnr,0,23.709991878933376
M2-B,validation_ssim,0,0.8429047564665476
M2-B,validation_lpips_squeeze,0,0.11101532499823305
M2-B,validation_l1,35,0.04503435444914632
M2-B,validation_psnr,35,23.86397255791558
M2-B,validation_ssim,35,0.844491677151786
M2-B,validation_lpips_squeeze,35,0.11189355018238227
M2-B,validation_l1,70,0.044602380030685
M2-B,validation_psnr,70,23.93204339345296
M2-B,validation_ssim,70,0.8460236887137095
M2-B,validation_lpips_squeeze,70,0.11170294777386719
M0,validation_l1,0,0.04683361957884497
M0,validation_psnr,0,23.58745945824517
M0,validation_ssim,0,0.83900628818406
M0,validation_lpips_squeeze,0,0.11620309286647373
M0,validation_l1,36,0.04573072948389583
M0,validation_psnr,36,23.763850953843857
M0,validation_ssim,36,0.8424770500924852
M0,validation_lpips_squeeze,36,0.1190464554561509
M0,validation_l1,72,0.04482243375645743
M0,validation_psnr,72,23.86061562432183
M0,validation_ssim,72,0.8434764908419715
M0,validation_lpips_squeeze,72,0.12161337542865011
M0,validation_l1,108,0.044779219664633274
M0,validation_psnr,108,23.88433371649848
M0,validation_ssim,108,0.8428212735388014
M0,validation_lpips_squeeze,108,0.12155563425686625
M0,validation_l1,144,0.04430803190916777
M0,validation_psnr,144,23.93123679690891
M0,validation_ssim,144,0.8446061412493387
M0,validation_lpips_squeeze,144,0.11850643364919557
M0,validation_l1,180,0.04383392787228028
M0,validation_psnr,180,23.96058644188775
M0,validation_ssim,180,0.8459119929207696
M0,validation_lpips_squeeze,180,0.11692389349142711
M0,validation_l1,216,0.04328878648165199
M0,validation_psnr,216,23.97346591949463
M0,validation_ssim,216,0.8464968502521515
M0,validation_lpips_squeeze,216,0.1154160921772321
M0,validation_l1,252,0.04301139019015762
M0,validation_psnr,252,23.921153174506294
M0,validation_ssim,252,0.8460655609766642
M0,validation_lpips_squeeze,252,0.11529314642151196
M0,validation_l1,288,0.042390593534542456
M0,validation_psnr,288,24.02275064256456
M0,validation_ssim,288,0.8477025098270841
M0,validation_lpips_squeeze,288,0.11400854628947046
M0,validation_l1,324,0.04244814316431681
M0,validation_psnr,324,24.032718552483452
M0,validation_ssim,324,0.8483620550897386
M0,validation_lpips_squeeze,324,0.11331971403625277
M0,validation_l1,360,0.041881031149791345
M0,validation_psnr,360,24.082897928025986
M0,validation_ssim,360,0.8493322862519158
M0,validation_lpips_squeeze,360,0.11231987302501996
M0,validation_l1,396,0.04199889633390638
M0,validation_psnr,396,24.078135384453667
M0,validation_ssim,396,0.8491864767339494
M0,validation_lpips_squeeze,396,0.11216370513041814
M0,validation_l1,432,0.04197530044863621
M0,validation_psnr,432,24.095278951856827
M0,validation_ssim,432,0.849469456407759
M0,validation_lpips_squeeze,432,0.11191705821288957
M0,validation_l1,468,0.041859559507833585
M0,validation_psnr,468,24.088207562764484
M0,validation_ssim,468,0.8498124712043338
M0,validation_lpips_squeeze,468,0.1118765523036321
M0,validation_l1,504,0.04178342626740535
M0,validation_psnr,504,24.109592225816513
M0,validation_ssim,504,0.8499131169584062
M0,validation_lpips_squeeze,504,0.11158102750778198
M0,validation_l1,540,0.04167678486555815
M0,validation_psnr,540,24.119766765170628
M0,validation_ssim,540,0.8500500155819787
M0,validation_lpips_squeeze,540,0.11153125142057736
M0,validation_l1,576,0.041751162252492376
M0,validation_psnr,576,24.12237336900499
M0,validation_ssim,576,0.8502641320228577
M0,validation_lpips_squeeze,576,0.11129294749763277
M0,validation_l1,612,0.04189157775706715
M0,validation_psnr,612,24.094082514444988
M0,validation_ssim,612,0.84965780377388
M0,validation_lpips_squeeze,612,0.11180551764037874
M0,validation_l1,648,0.04177805584751897
M0,validation_psnr,648,24.10758950975206
M0,validation_ssim,648,0.8500086565812429
M0,validation_lpips_squeeze,648,0.11149466741416189
M2-B,train_reported_loss_ma5,1,0.1653609275817871
M2-B,train_reported_loss_ma5,2,0.13417301326990128
M2-B,train_reported_loss_ma5,3,0.11735479533672333
M2-B,train_reported_loss_ma5,4,0.11331678554415703
M2-B,train_reported_loss_ma5,5,0.10476480722427368
M2-B,train_reported_loss_ma5,6,0.09800458550453187
M2-B,train_reported_loss_ma5,7,0.10292333662509918
M2-B,train_reported_loss_ma5,8,0.10416033267974853
M2-B,train_reported_loss_ma5,9,0.10149580836296082
M2-B,train_reported_loss_ma5,10,0.10190615355968476
M2-B,train_reported_loss_ma5,11,0.10076016187667847
M2-B,train_reported_loss_ma5,12,0.10816466510295868
M2-B,train_reported_loss_ma5,13,0.10849878042936326
M2-B,train_reported_loss_ma5,14,0.10900742560625076
M2-B,train_reported_loss_ma5,15,0.11150872409343719
M2-B,train_reported_loss_ma5,16,0.10663454532623291
M2-B,train_reported_loss_ma5,17,0.09474805295467377
M2-B,train_reported_loss_ma5,18,0.09730711281299591
M2-B,train_reported_loss_ma5,19,0.10519287586212159
M2-B,train_reported_loss_ma5,20,0.1106642335653305
M2-B,train_reported_loss_ma5,21,0.1087884858250618
M2-B,train_reported_loss_ma5,22,0.11195355653762817
M2-B,train_reported_loss_ma5,23,0.11902343481779099
M2-B,train_reported_loss_ma5,24,0.11415202617645263
M2-B,train_reported_loss_ma5,25,0.11635947078466416
M2-B,train_reported_loss_ma5,26,0.1328095853328705
M2-B,train_reported_loss_ma5,27,0.125415600836277
M2-B,train_reported_loss_ma5,28,0.11672026813030242
M2-B,train_reported_loss_ma5,29,0.12264932841062545
M2-B,train_reported_loss_ma5,30,0.1127469003200531
M2-B,train_reported_loss_ma5,31,0.09816077947616578
M2-B,train_reported_loss_ma5,32,0.1118858814239502
M2-B,train_reported_loss_ma5,33,0.10904493033885956
M2-B,train_reported_loss_ma5,34,0.09894454181194305
M2-B,train_reported_loss_ma5,35,0.10485561043024064
M2-B,train_reported_loss_ma5,36,0.11020359247922898
M2-B,train_reported_loss_ma5,37,0.10741765052080154
M2-B,train_reported_loss_ma5,38,0.1112415075302124
M2-B,train_reported_loss_ma5,39,0.11899232268333435
M2-B,train_reported_loss_ma5,40,0.11342738270759582
M2-B,train_reported_loss_ma5,41,0.11752900183200836
M2-B,train_reported_loss_ma5,42,0.11094518452882766
M2-B,train_reported_loss_ma5,43,0.10557361990213394
M2-B,train_reported_loss_ma5,44,0.10048089772462845
M2-B,train_reported_loss_ma5,45,0.10314836055040359
M2-B,train_reported_loss_ma5,46,0.0986708089709282
M2-B,train_reported_loss_ma5,47,0.09640073776245117
M2-B,train_reported_loss_ma5,48,0.11075140237808227
M2-B,train_reported_loss_ma5,49,0.12081862390041351
M2-B,train_reported_loss_ma5,50,0.12513810396194458
M2-B,train_reported_loss_ma5,51,0.1253807634115219
M2-B,train_reported_loss_ma5,52,0.135779732465744
M2-B,train_reported_loss_ma5,53,0.12633460462093354
M2-B,train_reported_loss_ma5,54,0.11996164172887802
M2-B,train_reported_loss_ma5,55,0.11792499721050262
M2-B,train_reported_loss_ma5,56,0.11031809747219086
M2-B,train_reported_loss_ma5,57,0.10166570991277694
M2-B,train_reported_loss_ma5,58,0.09569060206413268
M2-B,train_reported_loss_ma5,59,0.08831727355718613
M2-B,train_reported_loss_ma5,60,0.09032507389783859
M2-B,train_reported_loss_ma5,61,0.09140579700469971
M2-B,train_reported_loss_ma5,62,0.0871670424938202
M2-B,train_reported_loss_ma5,63,0.09590571373701096
M2-B,train_reported_loss_ma5,64,0.09722175151109695
M2-B,train_reported_loss_ma5,65,0.09670164287090302
M2-B,train_reported_loss_ma5,66,0.09406991302967072
M2-B,train_reported_loss_ma5,67,0.09759940356016159
M2-B,train_reported_loss_ma5,68,0.09691783338785172
M2-B,train_reported_loss_ma5,69,0.10193839967250824
M2-B,train_reported_loss_ma5,70,0.09811696708202362
M0,train_reported_loss_ma5,1,0.13946296274662018
M0,train_reported_loss_ma5,2,0.11287577822804451
M0,train_reported_loss_ma5,3,0.09895902623732884
M0,train_reported_loss_ma5,4,0.09570521488785744
M0,train_reported_loss_ma5,5,0.08839516639709473
M0,train_reported_loss_ma5,6,0.08582587242126465
M0,train_reported_loss_ma5,7,0.09168328493833541
M0,train_reported_loss_ma5,8,0.0943540558218956
M0,train_reported_loss_ma5,9,0.0910693883895874
M0,train_reported_loss_ma5,10,0.09194531738758087
M0,train_reported_loss_ma5,11,0.08871584385633469
M0,train_reported_loss_ma5,12,0.09742470532655716
M0,train_reported_loss_ma5,13,0.09850649982690811
M0,train_reported_loss_ma5,14,0.10375449508428573
M0,train_reported_loss_ma5,15,0.10624431669712067
M0,train_reported_loss_ma5,16,0.1007977157831192
M0,train_reported_loss_ma5,17,0.08756273090839387
M0,train_reported_loss_ma5,18,0.08746762871742249
M0,train_reported_loss_ma5,19,0.09060578495264053
M0,train_reported_loss_ma5,20,0.09451810270547867
M0,train_reported_loss_ma5,21,0.09506212770938874
M0,train_reported_loss_ma5,22,0.0971366137266159
M0,train_reported_loss_ma5,23,0.10449832379817962
M0,train_reported_loss_ma5,24,0.10075709074735642
M0,train_reported_loss_ma5,25,0.10204733610153198
M0,train_reported_loss_ma5,26,0.11434118151664734
M0,train_reported_loss_ma5,27,0.10844296216964722
M0,train_reported_loss_ma5,28,0.09957076609134674
M0,train_reported_loss_ma5,29,0.10378178209066391
M0,train_reported_loss_ma5,30,0.09590854346752167
M0,train_reported_loss_ma5,31,0.08375263214111328
M0,train_reported_loss_ma5,32,0.09511784613132476
M0,train_reported_loss_ma5,33,0.09268206655979157
M0,train_reported_loss_ma5,34,0.08410466760396958
M0,train_reported_loss_ma5,35,0.08753958493471145
M0,train_reported_loss_ma5,36,0.09229208678007125
M0,train_reported_loss_ma5,37,0.08957204520702362
M0,train_reported_loss_ma5,38,0.09281429201364517
M0,train_reported_loss_ma5,39,0.09910092204809189
M0,train_reported_loss_ma5,40,0.09575205743312835
M0,train_reported_loss_ma5,41,0.09944541454315185
M0,train_reported_loss_ma5,42,0.09685360640287399
M0,train_reported_loss_ma5,43,0.09226950109004975
M0,train_reported_loss_ma5,44,0.08811416327953339
M0,train_reported_loss_ma5,45,0.0922883003950119
M0,train_reported_loss_ma5,46,0.08814591765403748
M0,train_reported_loss_ma5,47,0.08319262862205505
M0,train_reported_loss_ma5,48,0.09496038854122162
M0,train_reported_loss_ma5,49,0.10348422676324845
M0,train_reported_loss_ma5,50,0.10476225316524505
M0,train_reported_loss_ma5,51,0.10422103554010391
M0,train_reported_loss_ma5,52,0.11287078857421876
M0,train_reported_loss_ma5,53,0.10560177564620972
M0,train_reported_loss_ma5,54,0.10371811538934708
M0,train_reported_loss_ma5,55,0.10259606540203095
M0,train_reported_loss_ma5,56,0.09783327132463455
M0,train_reported_loss_ma5,57,0.08994740098714829
M0,train_reported_loss_ma5,58,0.084465541690588
M0,train_reported_loss_ma5,59,0.0747915931046009
M0,train_reported_loss_ma5,60,0.07660354301333427
M0,train_reported_loss_ma5,61,0.07575342878699302
M0,train_reported_loss_ma5,62,0.07314442470669746
M0,train_reported_loss_ma5,63,0.08068727105855941
M0,train_reported_loss_ma5,64,0.08216878920793533
M0,train_reported_loss_ma5,65,0.082673080265522
M0,train_reported_loss_ma5,66,0.08064689785242081
M0,train_reported_loss_ma5,67,0.08293775320053101
M0,train_reported_loss_ma5,68,0.08224331587553024
M0,train_reported_loss_ma5,69,0.08621604144573211
M0,train_reported_loss_ma5,70,0.08037814050912857
M2-B,q20_base_gradient_ratio_measured,1,1.1957490109191482
M2-B,q20_base_gradient_ratio_measured,20,2.128320233212038
M2-B,q20_base_gradient_ratio_measured,40,2.45807624700733
M2-B,q20_base_gradient_ratio_measured,60,1.3132500469778545
