model,id,l1,psnr,ssim
C1-best,3,0.04077712818980217,25.104219436645508,0.7916894555091858
C1-best,4,0.04931117966771126,23.938011169433594,0.7725374698638916
C1-best,9,0.044185273349285126,24.057071685791016,0.8796432614326477
C1-best,12,0.046761684119701385,24.18499755859375,0.8651484847068787
C1-best,15,0.06134597957134247,20.659870147705078,0.8071780204772949
C1-best,22,0.03043290786445141,26.789148330688477,0.8559350967407227
C1-best,23,0.04530313238501549,24.651880264282227,0.8011033535003662
C1-best,25,0.04158154875040054,24.231061935424805,0.7673237323760986
C1-best,29,0.036495838314294815,24.16674041748047,0.7057594060897827
C1-best,39,0.0306598711758852,27.484081268310547,0.7903811931610107
C1-best,46,0.026867574080824852,28.877832412719727,0.8178972005844116
C1-best,47,0.03983590751886368,25.571535110473633,0.8626298904418945
C1-best,58,0.014887915924191475,34.32054138183594,0.8829628229141235
C1-best,86,0.050211865454912186,23.41583251953125,0.8203033804893494
C1-best,87,0.044021476060152054,23.47339630126953,0.8197367191314697
C1-best,89,0.02553330920636654,28.480201721191406,0.9116948843002319
C1-best,93,0.029337100684642792,28.61321258544922,0.8722013235092163
C1-best,103,0.03577987849712372,26.09126853942871,0.8883626461029053
C1-best,107,0.08138234168291092,20.10517120361328,0.8256884217262268
C1-best,110,0.06461258977651596,21.552019119262695,0.6053330302238464
C1+M5-best,3,0.041222065687179565,24.991153717041016,0.7924318909645081
C1+M5-best,4,0.05018232762813568,23.796154022216797,0.7719786763191223
C1+M5-best,9,0.044472143054008484,24.014692306518555,0.8792250752449036
C1+M5-best,12,0.04639255255460739,24.23862648010254,0.865784764289856
C1+M5-best,15,0.06157541275024414,20.642749786376953,0.8051366209983826
C1+M5-best,22,0.030501799657940865,26.774166107177734,0.8551294803619385
C1+M5-best,23,0.046261534094810486,24.489974975585938,0.7994606494903564
C1+M5-best,25,0.04160594567656517,24.225099563598633,0.7687833309173584
C1+M5-best,29,0.036441683769226074,24.184524536132812,0.7076373100280762
C1+M5-best,39,0.032268133014440536,27.204666137695312,0.7841774225234985
C1+M5-best,46,0.028422294184565544,28.516937255859375,0.8126841187477112
C1+M5-best,47,0.04127279669046402,25.182476043701172,0.8610798716545105
C1+M5-best,58,0.014808524399995804,34.3529167175293,0.8848245739936829
C1+M5-best,86,0.05121699348092079,23.23887825012207,0.8190619945526123
C1+M5-best,87,0.043574608862400055,23.483980178833008,0.8198205232620239
C1+M5-best,89,0.026351038366556168,28.120113372802734,0.9111675024032593
C1+M5-best,93,0.029480434954166412,28.569639205932617,0.8722013235092163
C1+M5-best,103,0.035870395600795746,26.01601791381836,0.889211893081665
C1+M5-best,107,0.08317917585372925,19.91481590270996,0.8238679766654968
C1+M5-best,110,0.06573300063610077,21.3480167388916,0.6037085652351379
C1+M5-latest,3,0.040935762226581573,25.036603927612305,0.7963282465934753
C1+M5-latest,4,0.04981951043009758,23.83814239501953,0.7747682332992554
C1+M5-latest,9,0.04446536675095558,24.03388023376465,0.8794105648994446
C1+M5-latest,12,0.04608537629246712,24.277313232421875,0.8672958612442017
C1+M5-latest,15,0.06238298490643501,20.577489852905273,0.8031639456748962
C1+M5-latest,22,0.0306613277643919,26.729623794555664,0.8556207418441772
C1+M5-latest,23,0.04556676372885704,24.519664764404297,0.8021465539932251
C1+M5-latest,25,0.04113218933343887,24.27236557006836,0.7738204002380371
C1+M5-latest,29,0.03557993471622467,24.286155700683594,0.7187263369560242
C1+M5-latest,39,0.031283531337976456,27.374486923217773,0.7869100570678711
C1+M5-latest,46,0.027383536100387573,28.750049591064453,0.8159723877906799
C1+M5-latest,47,0.040736328810453415,25.28862190246582,0.8624404668807983
C1+M5-latest,58,0.0142583092674613,34.55894088745117,0.8991319537162781
C1+M5-latest,86,0.050653040409088135,23.280065536499023,0.8194571137428284
C1+M5-latest,87,0.04292254522442818,23.573467254638672,0.8248489499092102
C1+M5-latest,89,0.02628815732896328,28.118045806884766,0.9116718173027039
C1+M5-latest,93,0.029467560350894928,28.55810546875,0.8733315467834473
C1+M5-latest,103,0.03556499630212784,26.09607696533203,0.8916102647781372
C1+M5-latest,107,0.08269741386175156,19.917675018310547,0.8252900242805481
C1+M5-latest,110,0.06428656727075577,21.436878204345703,0.6156865954399109
