model,series,epoch,step,value
M4,validation_l1,0,0,0.04052361628661553
M4,validation_psnr,0,0,24.14195442199707
M4,validation_ssim,0,0,0.8538453214698367
M4,validation_lpips_squeeze,0,0,0.1083726833264033
M4,validation_l1,1.0,36,0.040497650702794395
M4,validation_psnr,1.0,36,24.131519423590767
M4,validation_ssim,1.0,36,0.8536121580335829
M4,validation_lpips_squeeze,1.0,36,0.10803831513557169
M4,validation_l1,2.0,72,0.0404663390169541
M4,validation_psnr,2.0,72,24.14120939042833
M4,validation_ssim,2.0,72,0.8544448150528802
M4,validation_lpips_squeeze,2.0,72,0.10840618051588535
M4,validation_l1,3.0,108,0.04075680404073662
M4,validation_psnr,3.0,108,24.06998856862386
M4,validation_ssim,3.0,108,0.8538055585490333
M4,validation_lpips_squeeze,3.0,108,0.10823343549337652
M4,validation_l1,4.0,144,0.04101566897912158
M4,validation_psnr,4.0,144,24.0478515625
M4,validation_ssim,4.0,144,0.853609111573961
M4,validation_lpips_squeeze,4.0,144,0.10876645872162448
M4,validation_l1,5.0,180,0.04105246439576149
M4,validation_psnr,5.0,180,24.026865853203667
M4,validation_ssim,5.0,180,0.8537217974662781
M4,validation_lpips_squeeze,5.0,180,0.10927973915305403
M4,validation_l1,6.0,216,0.04092384109066592
M4,validation_psnr,6.0,216,24.053826755947536
M4,validation_ssim,6.0,216,0.8537345263693068
M4,validation_lpips_squeeze,6.0,216,0.10939241635302703
M0,validation_l1,0,0,0.04683361957884497
M0,validation_psnr,0,0,23.58745945824517
M0,validation_ssim,0,0,0.83900628818406
M0,validation_lpips_squeeze,0,0,0.11620309286647373
M0,validation_l1,1.0,36,0.04573072948389583
M0,validation_psnr,1.0,36,23.763850953843857
M0,validation_ssim,1.0,36,0.8424770500924852
M0,validation_lpips_squeeze,1.0,36,0.1190464554561509
M0,validation_l1,2.0,72,0.04482243375645743
M0,validation_psnr,2.0,72,23.86061562432183
M0,validation_ssim,2.0,72,0.8434764908419715
M0,validation_lpips_squeeze,2.0,72,0.12161337542865011
M0,validation_l1,3.0,108,0.044779219664633274
M0,validation_psnr,3.0,108,23.88433371649848
M0,validation_ssim,3.0,108,0.8428212735388014
M0,validation_lpips_squeeze,3.0,108,0.12155563425686625
M0,validation_l1,4.0,144,0.04430803190916777
M0,validation_psnr,4.0,144,23.93123679690891
M0,validation_ssim,4.0,144,0.8446061412493387
M0,validation_lpips_squeeze,4.0,144,0.11850643364919557
M0,validation_l1,5.0,180,0.04383392787228028
M0,validation_psnr,5.0,180,23.96058644188775
M0,validation_ssim,5.0,180,0.8459119929207696
M0,validation_lpips_squeeze,5.0,180,0.11692389349142711
M0,validation_l1,6.0,216,0.04328878648165199
M0,validation_psnr,6.0,216,23.97346591949463
M0,validation_ssim,6.0,216,0.8464968502521515
M0,validation_lpips_squeeze,6.0,216,0.1154160921772321
M0,validation_l1,7.0,252,0.04301139019015762
M0,validation_psnr,7.0,252,23.921153174506294
M0,validation_ssim,7.0,252,0.8460655609766642
M0,validation_lpips_squeeze,7.0,252,0.11529314642151196
M0,validation_l1,8.0,288,0.042390593534542456
M0,validation_psnr,8.0,288,24.02275064256456
M0,validation_ssim,8.0,288,0.8477025098270841
M0,validation_lpips_squeeze,8.0,288,0.11400854628947046
M0,validation_l1,9.0,324,0.04244814316431681
M0,validation_psnr,9.0,324,24.032718552483452
M0,validation_ssim,9.0,324,0.8483620550897386
M0,validation_lpips_squeeze,9.0,324,0.11331971403625277
M0,validation_l1,10.0,360,0.041881031149791345
M0,validation_psnr,10.0,360,24.082897928025986
M0,validation_ssim,10.0,360,0.8493322862519158
M0,validation_lpips_squeeze,10.0,360,0.11231987302501996
M0,validation_l1,11.0,396,0.04199889633390638
M0,validation_psnr,11.0,396,24.078135384453667
M0,validation_ssim,11.0,396,0.8491864767339494
M0,validation_lpips_squeeze,11.0,396,0.11216370513041814
M0,validation_l1,12.0,432,0.04197530044863621
M0,validation_psnr,12.0,432,24.095278951856827
M0,validation_ssim,12.0,432,0.849469456407759
M0,validation_lpips_squeeze,12.0,432,0.11191705821288957
M0,validation_l1,13.0,468,0.041859559507833585
M0,validation_psnr,13.0,468,24.088207562764484
M0,validation_ssim,13.0,468,0.8498124712043338
M0,validation_lpips_squeeze,13.0,468,0.1118765523036321
M0,validation_l1,14.0,504,0.04178342626740535
M0,validation_psnr,14.0,504,24.109592225816513
M0,validation_ssim,14.0,504,0.8499131169584062
M0,validation_lpips_squeeze,14.0,504,0.11158102750778198
M0,validation_l1,15.0,540,0.04167678486555815
M0,validation_psnr,15.0,540,24.119766765170628
M0,validation_ssim,15.0,540,0.8500500155819787
M0,validation_lpips_squeeze,15.0,540,0.11153125142057736
M0,validation_l1,16.0,576,0.041751162252492376
M0,validation_psnr,16.0,576,24.12237336900499
M0,validation_ssim,16.0,576,0.8502641320228577
M0,validation_lpips_squeeze,16.0,576,0.11129294749763277
M0,validation_l1,17.0,612,0.04189157775706715
M0,validation_psnr,17.0,612,24.094082514444988
M0,validation_ssim,17.0,612,0.84965780377388
M0,validation_lpips_squeeze,17.0,612,0.11180551764037874
M0,validation_l1,18.0,648,0.04177805584751897
M0,validation_psnr,18.0,648,24.10758950975206
M0,validation_ssim,18.0,648,0.8500086565812429
M0,validation_lpips_squeeze,18.0,648,0.11149466741416189
M4,train_base_proxy_epoch_mean,1,36,0.0818495062697265
M4,aux_base_gradient_ratio_epoch_mean,1,36,0.1428283473683728
M4,train_base_proxy_epoch_mean,2,72,0.08108956163438658
M4,aux_base_gradient_ratio_epoch_mean,2,72,0.1944479677412245
M4,train_base_proxy_epoch_mean,3,108,0.08005697362435361
M4,aux_base_gradient_ratio_epoch_mean,3,108,0.1991809813512696
M4,train_base_proxy_epoch_mean,4,144,0.07861506243546804
M4,aux_base_gradient_ratio_epoch_mean,4,144,0.19530198060803944
M4,train_base_proxy_epoch_mean,5,180,0.07744996210353242
M4,aux_base_gradient_ratio_epoch_mean,5,180,0.1971072368323803
M4,train_base_proxy_epoch_mean,6,216,0.07645599753078487
M4,aux_base_gradient_ratio_epoch_mean,6,216,0.19928251579403877
M0,train_objective_epoch_mean,1,36,0.09565000732739766
M0,train_objective_epoch_mean,2,72,0.08977995367927684
M0,train_objective_epoch_mean,3,108,0.0852042351745897
M0,train_objective_epoch_mean,4,144,0.08307188283652067
M0,train_objective_epoch_mean,5,180,0.08089933637529612
M0,train_objective_epoch_mean,6,216,0.07910307465742032
M0,train_objective_epoch_mean,7,252,0.07766609069787794
M0,train_objective_epoch_mean,8,288,0.0758114703413513
M0,train_objective_epoch_mean,9,324,0.07531091757118702
M0,train_objective_epoch_mean,10,360,0.07431858943568335
M0,train_objective_epoch_mean,11,396,0.07341958572053248
M0,train_objective_epoch_mean,12,432,0.07299691428326899
M0,train_objective_epoch_mean,13,468,0.07280224934220314
M0,train_objective_epoch_mean,14,504,0.07247632793668243
M0,train_objective_epoch_mean,15,540,0.07277945004817513
M0,train_objective_epoch_mean,16,576,0.07241734551886718
M0,train_objective_epoch_mean,17,612,0.07219244891570674
M0,train_objective_epoch_mean,18,648,0.07224930947025617
